{
  "project_info": {
    "project_number": "299235168346",
    "project_id": "yogyabhoomi",
    "storage_bucket": "yogyabhoomi.appspot.com"
  },
  "client": [
    {
      "client_info": {
        "mobilesdk_app_id": "1:299235168346:android:fe5af76ad31f76c2a88863",
        "android_client_info": {
          "package_name": "com.example.yogyabhoomi"
        }
      },
      "oauth_client": [
        {
          "client_id": "299235168346-i6fdu431n9344rrijq0tgdh7dn5nua1s.apps.googleusercontent.com",
          "client_type": 3
        }
      ],
      "api_key": [
        {
          "current_key": "AIzaSyCh2jqTCkevWroBv73WF5PeYGb0imjs-ZI"
        }
      ],
      "services": {
        "appinvite_service": {
          "other_platform_oauth_client": [
            {
              "client_id": "299235168346-i6fdu431n9344rrijq0tgdh7dn5nua1s.apps.googleusercontent.com",
              "client_type": 3
            }
          ]
        }
      }
    }
  ],
  "configuration_version": "1"
}